[
  {
    "id": "e826d5f1-1303-41b9-a898-048fb754d5ca",
    "data": [
      {
        "text": "what is the covid-19 helpline number in andhra pradesh ?",
        "userDefined": false
      }
    ],
    "isTemplate": false,
    "count": 0,
    "lang": "en",
    "updated": 0
  },
  {
    "id": "8a538e26-b20d-4744-a34b-e4fc286715b9",
    "data": [
      {
        "text": "how can i register for the covid-",
        "userDefined": false
      },
      {
        "text": "19",
        "meta": "@sys.number",
        "alias": "number",
        "userDefined": false
      },
      {
        "text": " vaccine online ?",
        "userDefined": false
      }
    ],
    "isTemplate": false,
    "count": 0,
    "lang": "en",
    "updated": 0
  },
  {
    "id": "e554c62e-cfa1-4b10-b70f-44e6299b35a6",
    "data": [
      {
        "text": "can i choose the covid-",
        "userDefined": false
      },
      {
        "text": "19",
        "meta": "@sys.number",
        "alias": "number",
        "userDefined": false
      },
      {
        "text": " vaccine ?",
        "userDefined": false
      }
    ],
    "isTemplate": false,
    "count": 0,
    "lang": "en",
    "updated": 0
  },
  {
    "id": "9049aef8-611d-441d-ab66-af4e5fe9de41",
    "data": [
      {
        "text": "what is the covid-",
        "userDefined": false
      },
      {
        "text": "19",
        "meta": "@sys.number",
        "alias": "number",
        "userDefined": false
      },
      {
        "text": " helpline number state ?",
        "userDefined": false
      }
    ],
    "isTemplate": false,
    "count": 0,
    "lang": "en",
    "updated": 0
  },
  {
    "id": "3ab4963a-d653-4217-b968-f5cb531558d3",
    "data": [
      {
        "text": "what is the covid-19 helpline number central?",
        "userDefined": false
      }
    ],
    "isTemplate": false,
    "count": 0,
    "lang": "en",
    "updated": 0
  },
  {
    "id": "92ae944c-17bb-486a-96e0-0bac4d96e8bc",
    "data": [
      {
        "text": "what are the precautions to take cure the covid_19?",
        "userDefined": false
      }
    ],
    "isTemplate": false,
    "count": 0,
    "lang": "en",
    "updated": 0
  },
  {
    "id": "c770a8fc-c5a6-4600-b313-4b635335296a",
    "data": [
      {
        "text": "what are the symptoms for covid_19?",
        "userDefined": false
      }
    ],
    "isTemplate": false,
    "count": 0,
    "lang": "en",
    "updated": 0
  },
  {
    "id": "16b23d4e-af9b-4a8f-b3f1-a00dab74efec",
    "data": [
      {
        "text": "is there any vaccine for covid_19?",
        "userDefined": false
      }
    ],
    "isTemplate": false,
    "count": 0,
    "lang": "en",
    "updated": 0
  }
]