[
  {
    "id": "7030eb89-2025-4364-b239-468a862b1980",
    "data": [
      {
        "text": "hello...hii",
        "userDefined": false
      }
    ],
    "isTemplate": false,
    "count": 0,
    "lang": "en",
    "updated": 0
  },
  {
    "id": "c1b97288-291b-4838-98d4-452660113a30",
    "data": [
      {
        "text": "hello",
        "userDefined": false
      }
    ],
    "isTemplate": false,
    "count": 0,
    "lang": "en",
    "updated": 0
  },
  {
    "id": "6ecfabcf-53cd-4004-84a1-e7fd4462be08",
    "data": [
      {
        "text": "hiii",
        "userDefined": false
      }
    ],
    "isTemplate": false,
    "count": 0,
    "lang": "en",
    "updated": 0
  }
]