[
  {
    "id": "90aa2217-b230-4465-a48b-91d1e77875b2",
    "data": [
      {
        "text": "we want ice creams",
        "userDefined": false
      }
    ],
    "isTemplate": false,
    "count": 0,
    "lang": "en",
    "updated": 0
  },
  {
    "id": "0556aaf7-f8e2-4fa2-80b9-ef282775bfa2",
    "data": [
      {
        "text": "cn you provide a cup of tea",
        "userDefined": false
      }
    ],
    "isTemplate": false,
    "count": 0,
    "lang": "en",
    "updated": 0
  },
  {
    "id": "75358d8f-dfe5-4527-8619-05ad90efef39",
    "data": [
      {
        "text": "i want ",
        "userDefined": false
      },
      {
        "text": "biryani",
        "meta": "@lucky",
        "alias": "lucky",
        "userDefined": false
      }
    ],
    "isTemplate": false,
    "count": 0,
    "lang": "en",
    "updated": 0
  },
  {
    "id": "bb414fee-0d12-49a9-8f80-c9723b63dcf4",
    "data": [
      {
        "text": "i want ",
        "userDefined": false
      },
      {
        "text": "coffee",
        "meta": "@food",
        "alias": "food",
        "userDefined": false
      }
    ],
    "isTemplate": false,
    "count": 0,
    "lang": "en",
    "updated": 0
  }
]