[
  {
    "id": "63ee277b-67a0-4786-88d7-557aba309fc4",
    "data": [
      {
        "text": "5 tables we are required for 10 people",
        "userDefined": false
      }
    ],
    "isTemplate": false,
    "count": 0,
    "lang": "en",
    "updated": 0
  },
  {
    "id": "3bc1e2b0-7666-48e0-88fd-87d73d90c2c7",
    "data": [
      {
        "text": "4 tables we required for 3 people",
        "userDefined": false
      }
    ],
    "isTemplate": false,
    "count": 0,
    "lang": "en",
    "updated": 0
  },
  {
    "id": "da4b777f-3e72-423a-b3ed-fe93f86a04d5",
    "data": [
      {
        "text": "2 tables we required for 4 members",
        "userDefined": false
      }
    ],
    "isTemplate": false,
    "count": 0,
    "lang": "en",
    "updated": 0
  },
  {
    "id": "d241cec3-04a3-4dd7-867a-bc255e23cabd",
    "data": [
      {
        "text": "1 table we are required for 2 members",
        "userDefined": false
      }
    ],
    "isTemplate": false,
    "count": 0,
    "lang": "en",
    "updated": 0
  }
]