[
  {
    "id": "b68d918c-c33a-42db-ad90-d8d0593ac92c",
    "data": [
      {
        "text": "is there chicken available?",
        "userDefined": false
      }
    ],
    "isTemplate": false,
    "count": 0,
    "lang": "en",
    "updated": 0
  },
  {
    "id": "220322d3-84f9-4243-af4d-cde1d936e685",
    "data": [
      {
        "text": "is there ",
        "userDefined": false
      },
      {
        "text": "biryani",
        "meta": "@food",
        "alias": "food",
        "userDefined": false
      },
      {
        "text": " available?",
        "userDefined": false
      }
    ],
    "isTemplate": false,
    "count": 0,
    "lang": "en",
    "updated": 0
  }
]